{
  "announcement": {
    "text": "看看大神们都在用什么前端工具吧",
    "book_id": 1
  },
  "top": [
    {
      "id": 7,
      "img_url": "t1.svg"
    },
    {
      "id": 8,
      "img_url": "t2.svg"
    }
  ],
  "promotions": [
    {
      "id": 1,
      "title": "揭开数据真相：从小白到数据分析达人",
      "authors": [
        "Edward Zaccaro, Daniel Zaccaro"
      ],
      "img_url": "1.svg"
    },
    {
      "id": 2,
      "title": "Android 高级进阶",
      "authors": [
        "顾浩鑫"
      ],
      "img_url": "2.svg"
    },
    {
      "id": 3,
      "title": "淘宝天猫电商运营与数据化选品完全手册",
      "authors": [
        "老夏"
      ],
      "img_url": "3.svg"
    },
    {
      "id": 4,
      "title": "大数据架构详解：从数据获取到深度学习",
      "authors": [
        "朱洁",
        "罗华霖"
      ],
      "img_url": "4.svg"
    },
    {
      "id": 5,
      "title": "Meteor全栈开发",
      "authors": [
        "杜亦舒"
      ],
      "img_url": "5.svg"
    },
    {
      "id": 6,
      "title": "Kubernetes权威指南：从Docker到Kubernetes实践全接触（第2版）",
      "authors": [
        "龚正",
        "吴治辉",
        "王伟",
        "崔秀龙",
        "闫健勇"
      ],
      "img_url": "6.svg"
    }
  ],
  "recommended": [
  ]
}